MutationType	Kidney-RCC::MSI-H.S.1
A[C>A]A	146
A[C>A]C	85
A[C>A]G	22
A[C>A]T	100
A[C>G]A	69
A[C>G]C	34
A[C>G]G	4
A[C>G]T	102
A[C>T]A	729
A[C>T]C	185
A[C>T]G	607
A[C>T]T	287
A[T>A]A	90
A[T>A]C	71
A[T>A]G	64
A[T>A]T	293
A[T>C]A	334
A[T>C]C	120
A[T>C]G	327
A[T>C]T	260
A[T>G]A	63
A[T>G]C	57
A[T>G]G	66
A[T>G]T	244
C[C>A]A	89
C[C>A]C	259
C[C>A]G	28
C[C>A]T	510
C[C>G]A	38
C[C>G]C	44
C[C>G]G	9
C[C>G]T	141
C[C>T]A	135
C[C>T]C	131
C[C>T]G	320
C[C>T]T	137
C[T>A]A	17
C[T>A]C	100
C[T>A]G	40
C[T>A]T	59
C[T>C]A	219
C[T>C]C	143
C[T>C]G	242
C[T>C]T	166
C[T>G]A	26
C[T>G]C	72
C[T>G]G	52
C[T>G]T	79
G[C>A]A	31
G[C>A]C	114
G[C>A]G	23
G[C>A]T	105
G[C>G]A	15
G[C>G]C	30
G[C>G]G	3
G[C>G]T	39
G[C>T]A	610
G[C>T]C	538
G[C>T]G	567
G[C>T]T	486
G[T>A]A	27
G[T>A]C	53
G[T>A]G	42
G[T>A]T	66
G[T>C]A	677
G[T>C]C	157
G[T>C]G	318
G[T>C]T	315
G[T>G]A	16
G[T>G]C	8
G[T>G]G	29
G[T>G]T	40
T[C>A]A	160
T[C>A]C	154
T[C>A]G	34
T[C>A]T	283
T[C>G]A	60
T[C>G]C	62
T[C>G]G	7
T[C>G]T	183
T[C>T]A	214
T[C>T]C	270
T[C>T]G	186
T[C>T]T	224
T[T>A]A	139
T[T>A]C	101
T[T>A]G	36
T[T>A]T	233
T[T>C]A	410
T[T>C]C	215
T[T>C]G	205
T[T>C]T	385
T[T>G]A	43
T[T>G]C	129
T[T>G]G	70
T[T>G]T	228
